1,и
2,в
3,не
4,на
5,я
6,быть
7,он
8,с
9,что
10,а
11,по
12,это
13,она
14,этот
15,к
16,но
17,они
18,мы
19,как
20,из
21,у
22,который
23,то
24,за
25,свой
26,что
27,весь
28,год
29,от
30,так
31,о
32,для
33,ты
34,же
35,все
36,тот
37,мочь
38,вы
39,человек
40,такой
41,его
42,сказать
43,только
44,или
45,еще
46,бы
47,себя
48,один
49,как
50,уже
51,до
52,время
53,если
54,сам
55,когда
56,другой
57,вот
58,говорить
59,наш
60,мой
61,знать
62,стать
63,при
64,чтобы
65,дело
66,жизнь
67,кто
68,первый
69,очень
70,два
71,день
72,ее
73,новый
74,рука
75,даже
76,во
77,со
78,раз
79,где
80,там
81,под
82,можно
83,ну
84,какой
85,после
86,их
87,работа
88,без
89,самый
90,потом
91,надо
92,хотеть
93,ли
94,слово
95,идти
96,большой
97,должен
98,место
99,иметь
100,ничто
101,то
102,сейчас
103,тут
104,лицо
105,каждый
106,друг
107,нет
108,теперь
109,ни
110,глаз
111,тоже
112,тогда
113,видеть
114,вопрос
115,через
116,да
117,здесь
118,дом
119,да
120,потому
121,сторона
122,какой-то
123,думать
124,сделать
125,страна
126,жить
127,чем
128,мир
129,об
130,последний
131,случай
132,голова
133,более
134,делать
135,что-то
136,смотреть
137,ребенок
138,просто
139,конечно
140,сила
141,российский
142,конец
143,перед
144,несколько
145,вид
146,система
147,всегда
148,работать
149,между
150,три
151,нет
152,понять
153,пойти
154,часть
155,спросить
156,город
157,дать
158,также
159,никто
160,понимать
161,получить
162,отношение
163,лишь
164,второй
165,именно
166,ваш
167,хотя
168,ни
169,сидеть
170,над
171,женщина
172,оказаться
173,русский
174,один
175,взять
176,прийти
177,являться
178,деньги
179,почему
180,вдруг
181,любить
182,стоить
183,почти
184,земля
185,общий
186,ведь
187,машина
188,однако
189,сразу
190,хорошо
191,вода
192,отец
193,высокий
194,остаться
195,выйти
196,много
197,проблема
198,начать
199,хороший
200,час
201,это
202,сегодня
203,право
204,совсем
205,нога
206,считать
207,главный
208,решение
209,увидеть
210,дверь
211,казаться
212,образ
213,писать
214,история
215,лучший
216,власть
217,закон
218,все
219,война
220,бог
221,голос
222,найти
223,поэтому
224,стоять
225,вообще
226,тысяча
227,больше
228,вместе
229,маленький
230,книга
231,некоторый
232,решить
233,любой
234,возможность
235,результат
236,ночь
237,стол
238,никогда
239,имя
240,область
241,молодой
242,пройти
243,например
244,статья
245,оно
246,число
247,компания
248,про
249,государственный
250,полный
251,принять
252,народ
253,никакой
254,советский
255,жена
256,настоящий
257,всякий
258,группа
259,развитие
260,процесс
261,суд
262,давать
263,ответить
264,старый
265,условие
266,твой
267,пока
268,средство
269,помнить
270,начало
271,ждать
272,свет
273,пора
274,путь
275,душа
276,куда
277,нужно
278,разный
279,нужный
280,уровень
281,иной
282,форма
283,связь
284,уж
285,минута
286,кроме
287,находиться
288,опять
289,многий
290,белый
291,собственный
292,улица
293,черный
294,написать
295,вечер
296,снова
297,основной
298,качество
299,мысль
300,дорога
301,мать
302,действие
303,месяц
304,оставаться
305,государство
306,язык
307,любовь
308,взгляд
309,мама
310,играть
311,далекий
312,лежать
313,нельзя
314,век
315,школа
316,подумать
317,уйти
318,цель
319,среди
320,общество
321,посмотреть
322,деятельность
323,организация
324,кто-то
325,вернуться
326,президент
327,комната
328,порядок
329,момент
330,театр
331,следовать
332,читать
333,письмо
334,подобный
335,следующий
336,утро
337,особенно
338,помощь
339,ситуация
340,роль
341,бывать
342,ходить
343,рубль
344,начинать
345,появиться
346,смысл
347,состояние
348,называть
349,рядом
350,квартира
351,назад
352,равный
353,из-за
354,орган
355,внимание
356,тело
357,труд
358,прийтись
359,хотеться
360,сын
361,мера
362,пять
363,смерть
364,живой
365,рынок
366,программа
367,задача
368,предприятие
369,известный
370,окно
371,вести
372,совершенно
373,военный
374,разговор
375,показать
376,правительство
377,важный
378,семья
379,великий
380,производство
381,простой
382,значит
383,третий
384,сколько
385,огромный
386,давно
387,политический
388,информация
389,действительно
390,положение
391,поставить
392,бояться
393,наконец
394,центр
395,происходить
396,ответ
397,муж
398,автор
399,все-таки
400,стена
401,существовать
402,даже
403,интерес
404,становиться
405,федерация
406,правило
407,оба
408,часто
409,московский
410,управление
411,слышать
412,быстро
413,смочь
414,заметить
415,как-то
416,мужчина
417,долго
418,правда
419,идея
420,партия
421,иногда
422,использовать
423,пытаться
424,готовый
425,чуть
426,зачем
427,представить
428,чувствовать
429,создать
430,совет
431,счет
432,сердце
433,движение
434,вещь
435,материал
436,неделя
437,чувство
438,затем
439,данный
440,заниматься
441,продолжать
442,красный
443,глава
444,ко
445,слушать
446,наука
447,узнать
448,ряд
449,газета
450,причина
451,против
452,плечо
453,современный
454,цена
455,план
456,приехать
457,речь
458,четыре
459,отвечать
460,точка
461,основа
462,товарищ
463,культура
464,слишком
465,рассказывать
466,вполне
467,далее
468,рассказать
469,данные
470,представлять
471,мнение
472,социальный
473,около
474,документ
475,институт
476,ход
477,брать
478,забыть
479,проект
480,ранний
481,встреча
482,особый
483,целый
484,директор
485,провести
486,спать
487,плохой
488,может
489,впрочем
490,сильный
491,наверное
492,скорый
493,ведь
494,срок
495,палец
496,опыт
497,помочь
498,больше
499,приходить
500,служба
501,крупный
502,внутренний
503,просить
504,вспомнить
505,открыть
506,привести
507,судьба
508,пока
509,девушка
510,поскольку
511,очередь
512,лес
513,пусть
514,экономический
515,оставить
516,правый
517,состав
518,словно
519,федеральный
520,спрашивать
521,принимать
522,член
523,искать
524,близкий
525,количество
526,похожий
527,событие
528,объект
529,зал
530,создание
531,войти
532,различный
533,значение
534,назвать
535,достаточно
536,период
537,хоть
538,шаг
539,необходимый
540,успеть
541,произойти
542,брат
543,искусство
544,единственный
545,легкий
546,структура
547,выходить
548,номер
549,предложить
550,пример
551,пить
552,исследование
553,гражданин
554,глядеть
555,человеческий
556,игра
557,начальник
558,сей
559,рост
560,ехать
561,международный
562,тема
563,принцип
564,дорогой
565,попасть
566,десять
567,начаться
568,верить
569,метод
570,тип
571,фильм
572,небольшой
573,держать
574,либо
575,позволять
576,край
577,местный
578,менее
579,гость
580,купить
581,уходить
582,собираться
583,воздух
584,туда
585,относиться
586,бывший
587,требовать
588,характер
589,борьба
590,использование
591,кстати
592,подойти
593,размер
594,удаться
595,образование
596,получать
597,мальчик
598,кровь
599,район
600,небо
601,американский
602,армия
603,класс
604,представитель
605,участие
606,девочка
607,политика
608,сначала
609,герой
610,картина
611,широкий
612,доллар
613,спина
614,территория
615,мировой
616,пол
617,тяжелый
618,довольно
619,поле
620,ж
621,изменение
622,умереть
623,более
624,направление
625,рисунок
626,течение
627,возможный
628,церковь
629,банк
630,отдельный
631,средний
632,красивый
633,сцена
634,население
635,большинство
636,сесть
637,двадцать
638,случиться
639,музыка
640,короткий
641,правда
642,проходить
643,составлять
644,свобода
645,память
646,приходиться
647,причем
648,команда
649,установить
650,союз
651,будто
652,поднять
653,врач
654,серьезный
655,договор
656,стараться
657,уметь
658,встать
659,дерево
660,интересный
661,факт
662,добрый
663,всего
664,хозяин
665,национальный
666,однажды
667,длинный
668,природа
669,домой
670,страшный
671,прошлый
672,будто
673,общественный
674,угол
675,чтоб
676,телефон
677,позиция
678,проводить
679,скоро
680,наиболее
681,двор
682,обычно
683,бросить
684,разве
685,писатель
686,самолет
687,объем
688,далеко
689,род
690,солнце
691,вера
692,берег
693,спектакль
694,фирма
695,способ
696,завод
697,цвет
698,трудно
699,журнал
700,руководитель
701,специалист
702,возможно
703,детский
704,точно
705,объяснить
706,оценка
707,единый
708,снять
709,определенный
710,низкий
711,нравиться
712,услышать
713,регион
714,связать
715,песня
716,процент
717,родитель
718,позволить
719,чужой
720,море
721,странный
722,требование
723,чистый
724,весьма
725,какой-нибудь
726,основание
727,половина
728,поехать
729,положить
730,входить
731,легко
732,поздний
733,роман
734,круг
735,анализ
736,стихи
737,автомобиль
738,специальный
739,экономика
740,литература
741,бумага
742,вместо
743,впервые
744,видно
745,научный
746,оказываться
747,поэт
748,показывать
749,степень
750,вызвать
751,касаться
752,господин
753,надежда
754,сложный
755,вокруг
756,предмет
757,отметить
758,заявить
759,вариант
760,министр
761,откуда
762,реальный
763,граница
764,действовать
765,дух
766,модель
767,операция
768,пара
769,сон
770,немного
771,название
772,ум
773,повод
774,старик
775,способный
776,мало
777,миллион
778,малый
779,старший
780,успех
781,практически
782,получиться
783,личный
784,счастье
785,необходимо
786,свободный
787,ребята
788,обычный
789,кабинет
790,прекрасный
791,высший
792,кричать
793,прежде
794,магазин
795,пространство
796,выход
797,остановиться
798,удар
799,база
800,знание
801,текст
802,сюда
803,темный
804,защита
805,предлагать
806,руководство
807,вовсе
808,площадь
809,сознание
810,гражданский
811,убить
812,возраст
813,молчать
814,согласиться
815,участник
816,участок
817,рано
818,пункт
819,несмотря
820,сильно
821,столь
822,сообщить
823,линия
824,бежать
825,желание
826,папа
827,кажется
828,петь
829,доктор
830,губа
831,известно
832,дома
833,вызывать
834,дочь
835,показаться
836,среда
837,председатель
838,представление
839,солдат
840,художник
841,принести
842,волос
843,оружие
844,выглядеть
845,соответствие
846,никак
847,ветер
848,внешний
849,парень
850,служить
851,зрение
852,попросить
853,генерал
854,состоять
855,огонь
856,отдать
857,боевой
858,понятие
859,строительство
860,ухо
861,выступать
862,грудь
863,нос
864,ставить
865,завтра
866,возникать
867,когда
868,страх
869,услуга
870,рабочий
871,что-нибудь
872,глубокий
873,содержание
874,радость
875,безопасность
876,надеяться
877,продукт
878,видимо
879,комплекс
880,бизнес
881,подняться
882,вспоминать
883,мало
884,сад
885,долгий
886,одновременно
887,называться
888,сотрудник
889,лето
890,тихо
891,зато
892,прямой
893,курс
894,помогать
895,предложение
896,финансовый
897,открытый
898,почему-то
899,значить
900,возникнуть
901,рот
902,где-то
903,технология
904,знакомый
905,недавно
906,реформа
907,отсутствие
908,нынешний
909,собака
910,камень
911,будущее
912,звать
913,рассказ
914,контроль
915,позвонить
916,река
917,хватать
918,продукция
919,сумма
920,техника
921,исторический
922,вновь
923,народный
924,прямо
925,ибо
926,выпить
927,здание
928,сфера
929,знаменитый
930,иначе
931,потерять
932,необходимость
933,больший
934,фонд
935,иметься
936,вперед
937,подготовка
938,вчера
939,лист
940,пустой
941,очередной
942,республика
943,хозяйство
944,полностью
945,получаться
946,учиться
947,плохо
948,воля
949,судебный
950,бюджет
951,возвращаться
952,расти
953,снег
954,деревня
955,обнаружить
956,мужик
957,постоянно
958,зеленый
959,элемент
960,обстоятельство
961,почувствовать
962,немец
963,многое
964,победа
965,источник
966,немецкий
967,золотой
968,передать
969,технический
970,нормальный
971,едва
972,желать
973,ожидать
974,некий
975,звезда
976,городской
977,выбор
978,соответствующий
979,масса
980,составить
981,итог
982,сестра
983,что
984,шесть
985,ясно
986,практика
987,сто
988,нести
989,определить
990,проведение
991,карман
992,любимый
993,родной
994,западный
995,обязательно
996,слава
997,кухня
998,определение
999,пользоваться
1000,быстрый
1001,функция
1002,войско
1003,комиссия
1004,применение
1005,капитан
1006,работник
1007,улыбнуться
1008,холодный
1009,обеспечение
1010,офицер
1011,появляться
1012,конкретный
1013,фамилия
1014,предел
1015,прямо
1016,смеяться
1017,выборы
1018,иностранный
1019,уехать
1020,ученый
1021,вроде
1022,левый
1023,счастливый
1024,бутылка
1025,бой
1026,подходить
1027,судить
1028,родиться
1029,теория
1030,зона
1031,отдел
1032,зуб
1033,разработка
1034,отказаться
1035,святой
1036,считаться
1037,точный
1038,занять
1039,личность
1040,гора
1041,добавить
1042,товар
1043,звонить
1044,медленно
1045,носить
1046,метр
1047,начинаться
1048,зависеть
1049,праздник
1050,влияние
1051,построить
1052,читатель
1053,частый
1054,удовольствие
1055,актер
1056,слеза
1057,создавать
1058,значительный
1059,ответственность
1060,учитель
1061,акт
1062,встретить
1063,принадлежать
1064,произнести
1065,боль
1066,множество
1067,связанный
1068,особенность
1069,участвовать
1070,показатель
1071,занимать
1072,корабль
1073,уверенный
1074,звук
1075,тонкий
1076,центральный
1077,впечатление
1078,спокойно
1079,частность
1080,детство
1081,вывод
1082,профессор
1083,будущий
1084,доля
1085,норма
1086,улыбаться
1087,прошлое
1088,возле
1089,командир
1090,коридор
1091,поддержка
1092,рамка
1093,вскоре
1094,лучше
1095,сквозь
1096,враг
1097,ладно
1098,этап
1099,черт
1100,дед
1101,направить
1102,собрание
1103,прием
1104,физический
1105,болезнь
1106,клетка
1107,кожа
1108,заявление
1109,ради
1110,попытка
1111,сравнение
1112,только
1113,расчет
1114,когда-то
1115,депутат
1116,то
1117,частный
1118,обратиться
1119,мелкий
1120,невозможно
1121,английский
1122,постоянный
1123,комитет
1124,знак
1125,выбрать
1126,примерно
1127,бить
1128,дядя
1129,учет
1130,хлеб
1131,тихий
1132,хватить
1133,обещать
1134,ли
1135,встречаться
1136,чай
1137,режим
1138,целое
1139,вирус
1140,гораздо
1141,тридцать
1142,выражение
1143,напоминать
1144,уж
1145,неожиданно
1146,здоровье
1147,зима
1148,упасть
1149,перестать
1150,десяток
1151,глубина
1152,сеть
1153,студент
1154,обладать
1155,секунда
1156,скорость
1157,поиск
1158,европейский
1159,суть
1160,налог
1161,ошибка
1162,ближайший
1163,отечественный
1164,теплый
1165,плакать
1166,духовный
1167,доход
1168,прежний
1169,режиссер
1170,поверхность
1171,ощущение
1172,состояться
1173,карта
1174,клуб
1175,семь
1176,станция
1177,революция
1178,колено
1179,министерство
1180,стекло
1181,этаж
1182,остальной
1183,высота
1184,наоборот
1185,бабушка
1186,двое
1187,поверить
1188,трубка
1189,собрать
1190,профессиональный
1191,французский
1192,женский
1193,крайний
1194,простить
1195,газ
1196,естественно
1197,мастер
1198,вниз
1199,главное
1200,поведение
1201,рассматривать
1202,перейти
1203,мешать
1204,давай
1205,столица
1206,механизм
1207,передача
1208,божий
1209,исчезнуть
1210,способность
1211,подход
1212,разумеется
1213,столько
1214,энергия
1215,дальнейший
1216,существование
1217,исполнение
1218,сорок
1219,кино
1220,сожаление
1221,заместитель
1222,мол
1223,объявить
1224,отличаться
1225,естественный
1226,ресурс
1227,обращаться
1228,акция
1229,информационный
1230,рождение
1231,снимать
1232,явно
1233,администрация
1234,железный
1235,пригласить
1236,соответствовать
1237,стоимость
1238,улыбка
1239,артист
1240,горячий
1241,закрыть
1242,придумать
1243,пожалуйста
1244,попробовать
1245,приводить
1246,сосед
1247,фраза
1248,веселый
1249,фигура
1250,достигнуть
1251,субъект
1252,утверждать
1253,реакция
1254,список
1255,фотография
1256,журналист
1257,май
1258,означать
1259,платить
1260,нарушение
1261,заседание
1262,толпа
1263,больница
1264,существо
1265,решать
1266,интересно
1267,официальный
1268,свойство
1269,долг
1270,поколение
1271,серый
1272,животное
1273,схема
1274,усилие
1275,отличие
1276,опасный
1277,определять
1278,остров
1279,наблюдать
1280,противник
1281,волна
1282,погибнуть
1283,разговаривать
1284,прочий
1285,реализация
1286,страница
1287,формирование
1288,житель
1289,устроить
1290,есть
1291,красота
1292,правильно
1293,благодаря
1294,птица
1295,собраться
1296,достать
1297,растение
1298,тень
1299,явление
1300,храм
1301,запах
1302,слабый
1303,водка
1304,наличие
1305,пожалуй
1306,яркий
1307,ужас
1308,одежда
1309,ездить
1310,кресло
1311,больной
1312,поезд
1313,университет
1314,летний
1315,дополнительный
1316,понравиться
1317,традиция
1318,адрес
1319,декабрь
1320,ладонь
1321,поздно
1322,сведение
1323,правильный
1324,цветок
1325,выполнять
1326,лесной
1327,лидер
1328,октябрь
1329,занятие
1330,заставить
1331,объяснять
1332,сентябрь
1333,помещение
1334,прочее
1335,согласно
1336,январь
1337,выполнить
1338,зритель
1339,постепенно
1340,резко
1341,редакция
1342,указать
1343,умный
1344,стиль
1345,весна
1346,северный
1347,фактор
1348,август
1349,известие
1350,зависимость
1351,охрана
1352,ясный
1353,милый
1354,оборудование
1355,светлый
1356,концерт
1357,отделение
1358,расход
1359,редкий
1360,выставка
1361,милиция
1362,верный
1363,вздохнуть
1364,юридический
1365,находить
1366,переход
1367,закончить
1368,эпоха
1369,запад
1370,признать
1371,произведение
1372,родина
1373,собственность
1374,тайна
1375,хотя
1376,четвертый
1377,административный
1378,трава
1379,дойти
1380,лагерь
1381,во-первых
1382,имущество
1383,кивнуть
1384,кровать
1385,понятно
1386,настолько
1387,обратить
1388,узкий
1389,абсолютно
1390,аппарат
1391,несколько
1392,очевидно
1393,середина
1394,узнавать
1395,встретиться
1396,март
1397,художественный
1398,клиент
1399,лично
1400,дама
1401,обратно
1402,предусмотреть
1403,фронт
1404,древний
1405,отрасль
1406,стул
1407,беседа
1408,массовый
1409,обеспечивать
1410,генеральный
1411,замечательный
1412,хоть
1413,двигаться
1414,законодательство
1415,продажа
1416,повышение
1417,содержать
1418,страшно
1419,прежде
1420,музей
1421,задний
1422,региональный
1423,след
1424,из-под
1425,полковник
1426,приезжать
1427,сомнение
1428,понимание
1429,здоровый
1430,держаться
1431,обеспечить
1432,слегка
1433,апрель
1434,князь
1435,поступить
1436,рыба
1437,привыкнуть
1438,активный
1439,литературный
1440,открывать
1441,собственно
1442,дума
1443,еще
1444,неужели
1445,кодекс
1446,сутки
1447,чудо
1448,вырасти
1449,шея
1450,зайти
1451,судья
1452,острый
1453,посвятить
1454,стремиться
1455,богатый
1456,крыша
1457,настроение
1458,отсюда
1459,творческий
1460,нечто
1461,поток
1462,мягкий
1463,ночной
1464,должность
1465,преступление
1466,измениться
1467,мозг
1468,налоговый
1469,толстый
1470,честь
1471,пост
1472,удивиться
1473,падать
1474,еврей
1475,звучать
1476,бедный
1477,июнь
1478,много
1479,сотня
1480,верхний
1481,суметь
1482,вечный
1483,восемь
1484,лишний
1485,морской
1486,разработать
1487,нижний
1488,спокойный
1489,поговорить
1490,дождь
1491,меньше
1492,лестница
1493,сухой
1494,ах
1495,лететь
1496,совершить
1497,дача
1498,синий
1499,просто
1500,установка
1501,появление
1502,получение
1503,сегодняшний
1504,строить
1505,образец
1506,труба
1507,главное
1508,кончиться
1509,медицинский
1510,привезти
1511,многие
1512,осень
1513,вряд
1514,сложиться
1515,оставлять
1516,полагать
1517,висеть
1518,костюм
1519,свежий
1520,трудный
1521,уголовный
1522,баба
1523,ценность
1524,обязанность
1525,пьеса
1526,чей
1527,таблица
1528,вино
1529,воспоминание
1530,лошадь
1531,повторить
1532,кто-нибудь
1533,сыграть
1534,коллега
1535,организм
1536,случайно
1537,ученик
1538,учреждение
1539,высоко
1540,открытие
1541,спасти
1542,том
1543,черта
1544,изменить
1545,повторять
1546,характеристика
1547,по-прежнему
1548,явиться
1549,выполнение
1550,оборона
1551,выступление
1552,температура
1553,замечать
1554,перспектива
1555,подать
1556,подруга
1557,приказ
1558,вверх
1559,жертва
1560,назначить
1561,протянуть
1562,ресторан
1563,километр
1564,сохранить
1565,спор
1566,попытаться
1567,расположить
1568,использоваться
1569,вкус
1570,насколько
1571,признак
1572,промышленность
1573,странно
1574,американец
1575,лоб
1576,заключение
1577,вероятно
1578,восток
1579,вроде
1580,исключение
1581,отправиться
1582,желтый
1583,молча
1584,ключ
1585,постановление
1586,садиться
1587,же
1588,немедленно
1589,слой
1590,бок
1591,встречать
1592,говориться
1593,крикнуть
1594,спустя
1595,июль
1596,мощный
1597,перевод
1598,секретарь
1599,кусок
1600,готовить
1601,слух
1602,учить
1603,гореть
1604,испытывать
1605,польза
1606,звонок
1607,выделить
1608,обстановка
1609,оттуда
1610,мимо
1611,поддерживать
1612,подниматься
1613,чиновник
1614,следить
1615,соглашение
1616,деталь
1617,русский
1618,деревянный
1619,тишина
1620,зарплата
1621,требоваться
1622,билет
1623,включать
1624,подарок
1625,тюрьма
1626,ящик
1627,конкурс
1628,полезный
1629,книжка
1630,собирать
1631,изучение
1632,дальний
1633,менять
1634,скажем
1635,делаться
1636,просьба
1637,царь
1638,публика
1639,смех
1640,покупать
1641,сообщение
1642,угроза
1643,беда
1644,домашний
1645,должно
1646,предполагать
1647,традиционный
1648,терять
1649,специально
1650,блок
1651,достижение
1652,назначение
1653,реклама
1654,жесткий
1655,крепкий
1656,портрет
1657,послать
1658,буквально
1659,виноватый
1660,допустить
1661,значительно
1662,масло
1663,культурный
1664,стакан
1665,вокруг
1666,приятный
1667,прочитать
1668,урок
1669,присутствовать
1670,часы
1671,взглянуть
1672,крик
1673,мечтать
1674,подписать
1675,во-вторых
1676,творчество
1677,телевизор
1678,осуществлять
1679,инструмент
1680,поступать
1681,концепция
1682,круглый
1683,лейтенант
1684,экран
1685,дно
1686,реальность
1687,понятный
1688,голубой
1689,канал
1690,удивительный
1691,мясо
1692,знакомый
1693,щека
1694,мужской
1695,о
1696,правовой
1697,конфликт
1698,переговоры
1699,пятьдесят
1700,больной
1701,запись
1702,пора
1703,вагон
1704,готовиться
1705,мертвый
1706,площадка
1707,последствие
1708,пятый
1709,сотрудничество
1710,б
1711,зеркало
1712,тон
1713,захотеть
1714,совместный
1715,академия
1716,бороться
1717,отдавать
1718,семейный
1719,тяжело
1720,остановить
1721,палата
1722,потребность
1723,приобрести
1724,включить
1725,ноябрь
1726,увеличение
1727,продолжаться
1728,дурак
1729,осторожно
1730,поездка
1731,обед
1732,подтвердить
1733,потеря
1734,природный
1735,спешить
1736,февраль
1737,добиться
1738,мероприятие
1739,парк
1740,принятие
1741,устройство
1742,вещество
1743,впереди
1744,навсегда
1745,отправить
1746,повернуться
1747,категория
1748,православный
1749,сезон
1750,учебный
1751,вставать
1752,подготовить
1753,исходить
1754,гостиница
1755,издание
1756,эффективный
1757,нечего
1758,свидетельствовать
1759,ввести
1760,взяться
1761,объединение
1762,прочесть
1763,темнота
1764,человечество
1765,болеть
1766,вернуть
1767,тянуть
1768,колесо
1769,опасность
1770,продать
1771,разрешение
1772,воздействие
1773,коллектив
1774,камера
1775,внимательно
1776,запас
1777,представляться
1778,следствие
1779,длина
1780,материальный
1781,невозможный
1782,крыло
1783,округ
1784,произвести
1785,фон
1786,кандидат
1787,родственник
1788,полтора
1789,прекрасно
1790,выступить
1791,давление
1792,пахнуть
1793,познакомиться
1794,присутствие
1795,взаимодействие
1796,громко
1797,доска
1798,наступить
1799,партнер
1800,двигатель
1801,шум
1802,достоинство
1803,предстоять
1804,вдоль
1805,грех
1806,господи
1807,нож
1808,полет
1809,производить
1810,ранее
1811,страсть
1812,перевести
1813,разрешить
1814,соседний
1815,психологический
1816,испытание
1817,проверить
1818,TRUE
1819,меняться
1820,оплата
1821,разница
1822,соответственно
1823,водитель
1824,музыкальный
1825,куда-то
1826,пакет
1827,снижение
1828,выдержать
1829,формула
1830,важно
1831,живот
1832,капитал
1833,учитывать
1834,курить
1835,голый
1836,забывать
1837,заключаться
1838,мост
1839,обязательный
1840,сверху
1841,новость
1842,эффект
1843,вход
1844,выбирать
1845,губернатор
1846,исполнительный
1847,какой-либо
1848,напомнить
1849,партийный
1850,доклад
1851,закричать
1852,организовать
1853,смена
1854,убийство
1855,эксперт
1856,вон
1857,доказать
1858,раз
1859,редко
1860,существенный
1861,приносить
1862,автобус
1863,платье
1864,осуществляться
1865,честно
1866,помимо
1867,кадр
1868,ой
1869,тетя
1870,восточный
1871,дышать
1872,общение
1873,описать
1874,психология
1875,лев
1876,таков
1877,порог
1878,проверка
1879,прожить
1880,процедура
1881,рабочий
1882,ремонт
1883,сельский
1884,характерный
1885,обращение
1886,обучение
1887,неожиданный
1888,ожидание
1889,оценить
1890,широко
1891,рассмотреть
1892,памятник
1893,корень
1894,наблюдение
1895,проводиться
1896,буква
1897,видный
1898,доказательство
1899,лечь
1900,превратиться
1901,признание
1902,внутри
1903,выпустить
1904,постель
1905,честный
1906,штаб
1907,ударить
1908,владелец
1909,компьютер
1910,окончательно
1911,резкий
1912,инженер
1913,младший
1914,проснуться
1915,заранее
1916,итак
1917,открыться
1918,старуха
1919,лодка
1920,ракета
1921,трудовой
1922,серия
1923,строгий
1924,шутка
1925,вершина
1926,строго
1927,выпуск
1928,кулак
1929,лед
1930,способствовать
1931,торговля
1932,южный
1933,практический
1934,многочисленный
1935,нефть
1936,согласный
1937,молодежь
1938,цифра
1939,корпус
1940,научиться
1941,недостаток
1942,наверно
1943,сапог
1944,спортивный
1945,сущность
1946,талант
1947,умирать
1948,истинный
1949,эффективность
1950,похоже
1951,стрелять
1952,кофе
1953,обойтись
1954,полоса
1955,серьезно
1956,записать
1957,злой
1958,обо
1959,определяться
1960,основное
1961,трое
1962,индивидуальный
1963,подарить
1964,рассмотрение
1965,давайте
1966,мокрый
1967,приняться
1968,сбор
1969,штат
1970,дикий
1971,следователь
1972,жилье
1973,мешок
1974,заставлять
1975,описание
1976,рад
1977,куст
1978,отказ
1979,схватить
1980,замок
1981,пропасть
1982,коммерческий
1983,редактор
1984,театральный
1985,дворец
1986,забота
1987,выдать
1988,пиво
1989,воздушный
1990,дешевый
1991,диван
1992,извинить
1993,разобраться
1994,пьяный
1995,столик
1996,насчет
1997,опустить
1998,эксперимент
1999,страдать
2000,заходить
